date,ticker,open,high,low,close,volume
2026-02-19,005930,188000.0,190900.0,187100.0,190000.0,27049388.0
2026-02-20,005930,190000.0,190300.0,188600.0,190100.0,24213880.0
2026-02-23,005930,194400.0,197600.0,190500.0,193000.0,26364684.0
2026-02-24,005930,193000.0,200000.0,192000.0,200000.0,28060617.0
2026-02-25,005930,202500.0,206000.0,201000.0,203500.0,26987996.0
2026-02-26,005930,206500.0,219000.0,206000.0,218000.0,30095763.0
2026-02-27,005930,210000.0,223000.0,210000.0,216500.0,51774768.0
2026-03-03,005930,209500.0,212500.0,195100.0,195100.0,54879010.0
2026-03-04,005930,184200.0,195900.0,171900.0,172200.0,89427954.0
2026-03-05,005930,195000.0,199700.0,188100.0,191600.0,53959129.0
2026-03-06,005930,186100.0,189700.0,181000.0,188200.0,29522650.0
2026-03-09,005930,173500.0,175500.0,167300.0,173500.0,43066020.0
2026-03-10,005930,187600.0,191500.0,184300.0,187900.0,33530170.0
2026-03-11,005930,193000.0,194800.0,187700.0,190000.0,24311356.0
2026-03-12,005930,186600.0,190000.0,185900.0,187900.0,20440753.0
2026-03-13,005930,180000.0,186200.0,179900.0,183500.0,19566331.0
2026-03-16,005930,184600.0,189000.0,183600.0,188700.0,19747901.0
2026-03-17,005930,198000.0,198000.0,193100.0,193900.0,20300082.0
2026-03-18,005930,200500.0,209000.0,199700.0,208500.0,25148481.0
2026-03-19,005930,199900.0,205000.0,199600.0,200500.0,19884483.0
2026-03-20,005930,202000.0,202500.0,199000.0,199400.0,35279762.0
2026-03-23,005930,190500.0,191200.0,186300.0,186300.0,30268173.0
2026-03-24,005930,195500.0,196000.0,185500.0,189700.0,25458914.0
2026-03-25,005930,193700.0,196400.0,189000.0,189000.0,22995904.0
2026-03-26,005930,185500.0,185900.0,178900.0,180100.0,32074131.0
2026-03-27,005930,172100.0,181700.0,172000.0,179700.0,29138966.0
2026-03-30,005930,171000.0,176650.0,170600.0,176300.0,22269147.0
2026-03-31,005930,170000.0,174700.0,167000.0,167200.0,38659593.0
2026-04-01,005930,179000.0,190800.0,178000.0,189600.0,32390251.0
2026-04-02,005930,192600.0,193600.0,175000.0,178400.0,38615231.0
2026-04-03,005930,184200.0,187200.0,182700.0,186200.0,20194447.0
2026-04-06,005930,190900.0,194600.0,190100.0,193100.0,20635958.0
2026-04-07,005930,202000.0,202500.0,192400.0,196500.0,30848053.0
2026-04-08,005930,214000.0,214500.0,207500.0,210500.0,35890973.0
2026-04-09,005930,207000.0,207500.0,202000.0,204000.0,42320839.0
2026-04-10,005930,208500.0,211000.0,205500.0,206000.0,18244459.0
2026-04-13,005930,198200.0,203000.0,198200.0,201000.0,19603415.0
2026-04-14,005930,208000.0,210000.0,205500.0,206500.0,23672078.0
2026-04-15,005930,215000.0,215500.0,210000.0,211000.0,24092884.0
2026-04-16,005930,212000.0,218000.0,210500.0,217500.0,21499788.0
2026-04-17,005930,217000.0,218000.0,215000.0,216000.0,18079322.0
2026-04-20,005930,214500.0,219000.0,213000.0,214500.0,17107741.0
2026-04-21,005930,218000.0,220000.0,216000.0,219000.0,16752132.0
2026-04-22,005930,218500.0,222500.0,215500.0,217500.0,16823480.0
2026-04-23,005930,223000.0,229500.0,216000.0,224500.0,34525485.0
2026-04-24,005930,224000.0,225000.0,216500.0,219500.0,19626666.0
2026-04-27,005930,220000.0,226000.0,218500.0,224500.0,22870374.0
2026-04-28,005930,224000.0,226000.0,221500.0,222000.0,18444490.0
2026-04-29,005930,219500.0,228000.0,218500.0,226000.0,20363756.0
2026-04-30,005930,229000.0,230000.0,220500.0,220500.0,22161975.0
2026-05-04,005930,228000.0,232500.0,224000.0,232500.0,32920816.0
2026-05-06,005930,254000.0,270000.0,251000.0,266000.0,53097996.0
2026-05-07,005930,272000.0,277000.0,260000.0,271500.0,41404687.0
2026-05-08,005930,260000.0,270000.0,260000.0,268500.0,25875880.0
2026-05-11,005930,284500.0,288500.0,280000.0,285500.0,36031094.0
2026-05-12,005930,290000.0,291500.0,266000.0,279000.0,41211149.0
2026-05-13,005930,264000.0,285500.0,262000.0,284000.0,35540134.0
2026-05-14,005930,282000.0,299500.0,282000.0,296000.0,39314752.0
2026-05-15,005930,291000.0,296500.0,266000.0,270500.0,38075487.0
2026-05-18,005930,269500.0,288500.0,262000.0,281000.0,33555214.0
2026-05-19,005930,274000.0,281500.0,266000.0,275500.0,30767569.0
2026-05-20,005930,278000.0,282500.0,263500.0,276000.0,35662077.0
2026-05-21,005930,291000.0,299500.0,287000.0,299500.0,36168689.0
2026-05-22,005930,300000.0,300500.0,292000.0,292500.0,18395274.0
2026-05-26,005930,298000.0,302000.0,297500.0,299000.0,23441371.0
2026-05-27,005930,321500.0,323000.0,306000.0,307000.0,33916688.0
2026-05-28,005930,307000.0,307000.0,307000.0,307000.0,0.0
2026-02-19,000660,905000.0,913000.0,888000.0,894000.0,3285109.0
2026-02-20,000660,892000.0,955000.0,881000.0,949000.0,5054333.0
2026-02-23,000660,980000.0,980000.0,941000.0,951000.0,3523887.0
2026-02-24,000660,952000.0,1005000.0,946000.0,1005000.0,4102382.0
2026-02-25,000660,1012000.0,1038000.0,1004000.0,1018000.0,3462525.0
2026-02-26,000660,1024000.0,1099000.0,1023000.0,1099000.0,4461976.0
2026-02-27,000660,1050000.0,1096000.0,1048000.0,1061000.0,6453062.0
2026-03-03,000660,1022000.0,1040000.0,939000.0,939000.0,6818327.0
2026-03-04,000660,894000.0,954000.0,846000.0,849000.0,9253420.0
2026-03-05,000660,976000.0,992000.0,927000.0,941000.0,6442459.0
2026-03-06,000660,912000.0,938000.0,885000.0,924000.0,3744322.0
2026-03-09,000660,851000.0,864000.0,808000.0,836000.0,7253621.0
2026-03-10,000660,915000.0,950000.0,899000.0,938000.0,5304897.0
2026-03-11,000660,954000.0,985000.0,941000.0,955000.0,3916098.0
2026-03-12,000660,938000.0,963000.0,928000.0,930000.0,3711742.0
2026-03-13,000660,891000.0,929000.0,884000.0,910000.0,3645102.0
2026-03-16,000660,925000.0,975000.0,924000.0,974000.0,3829496.0
2026-03-17,000660,1009000.0,1010000.0,969000.0,970000.0,3326240.0
2026-03-18,000660,1000000.0,1060000.0,999000.0,1056000.0,4347884.0
2026-03-19,000660,1008000.0,1043000.0,1003000.0,1013000.0,3347483.0
2026-03-20,000660,1023000.0,1026000.0,1002000.0,1007000.0,3426646.0
2026-03-23,000660,952000.0,963000.0,927000.0,933000.0,3911813.0
2026-03-24,000660,993000.0,994000.0,938000.0,986000.0,4352152.0
2026-03-25,000660,1016000.0,1042000.0,988000.0,995000.0,4463869.0
2026-03-26,000660,965000.0,973000.0,931000.0,933000.0,4660620.0
2026-03-27,000660,890000.0,934000.0,880000.0,922000.0,4520942.0
2026-03-30,000660,867000.0,884000.0,862000.0,873000.0,4498502.0
2026-03-31,000660,817000.0,852000.0,806000.0,807000.0,7194351.0
2026-04-01,000660,884000.0,905000.0,858000.0,893000.0,6255058.0
2026-04-02,000660,912000.0,914000.0,818000.0,830000.0,6127534.0
2026-04-03,000660,867000.0,886000.0,860000.0,876000.0,2927164.0
2026-04-06,000660,877000.0,901500.0,869000.0,886000.0,3100989.0
2026-04-07,000660,917000.0,933000.0,888000.0,916000.0,3619929.0
2026-04-08,000660,1007000.0,1056000.0,992000.0,1033000.0,6709356.0
2026-04-09,000660,1015000.0,1025000.0,990000.0,998000.0,5026817.0
2026-04-10,000660,1030000.0,1042000.0,1024000.0,1027000.0,3134921.0
2026-04-13,000660,999000.0,1043000.0,996000.0,1040000.0,2769753.0
2026-04-14,000660,1092000.0,1128000.0,1078000.0,1103000.0,4754545.0
2026-04-15,000660,1165000.0,1173000.0,1130000.0,1136000.0,4093703.0
2026-04-16,000660,1141000.0,1161000.0,1130000.0,1155000.0,2901319.0
2026-04-17,000660,1149000.0,1155000.0,1121000.0,1128000.0,3578235.0
2026-04-20,000660,1148000.0,1175000.0,1141000.0,1166000.0,3748014.0
2026-04-21,000660,1196000.0,1228000.0,1193000.0,1224000.0,3516960.0
2026-04-22,000660,1227000.0,1233000.0,1195000.0,1223000.0,2894919.0
2026-04-23,000660,1220000.0,1267000.0,1183000.0,1225000.0,5343871.0
2026-04-24,000660,1237000.0,1242000.0,1193000.0,1222000.0,3127857.0
2026-04-27,000660,1253000.0,1317000.0,1249000.0,1292000.0,4563073.0
2026-04-28,000660,1313000.0,1328000.0,1296000.0,1300000.0,3002713.0
2026-04-29,000660,1284000.0,1317000.0,1281000.0,1293000.0,3001208.0
2026-04-30,000660,1312000.0,1325000.0,1286000.0,1286000.0,3342342.0
2026-05-04,000660,1339000.0,1450000.0,1333000.0,1447000.0,5776641.0
2026-05-06,000660,1590000.0,1614000.0,1557000.0,1601000.0,6631934.0
2026-05-07,000660,1622000.0,1665000.0,1567000.0,1654000.0,5860618.0
2026-05-08,000660,1591000.0,1689000.0,1591000.0,1686000.0,4278087.0
2026-05-11,000660,1833000.0,1949000.0,1826000.0,1880000.0,7433039.0
2026-05-12,000660,1944000.0,1967000.0,1804000.0,1835000.0,9160593.0
2026-05-13,000660,1781000.0,1990000.0,1781000.0,1976000.0,7126921.0
2026-05-14,000660,1976000.0,1994000.0,1937000.0,1970000.0,6040068.0
2026-05-15,000660,1950000.0,1995000.0,1789000.0,1819000.0,7485233.0
2026-05-18,000660,1780000.0,1897000.0,1731000.0,1840000.0,6481608.0
2026-05-19,000660,1791000.0,1823000.0,1740000.0,1745000.0,4575855.0
2026-05-20,000660,1743000.0,1778000.0,1690000.0,1745000.0,5535123.0
2026-05-21,000660,1801000.0,1954000.0,1796000.0,1940000.0,5096690.0
2026-05-22,000660,1942000.0,1952000.0,1912000.0,1941000.0,3135190.0
2026-05-26,000660,2008000.0,2087000.0,2006000.0,2052000.0,4903591.0
2026-05-27,000660,2279000.0,2358000.0,2200000.0,2243000.0,7545783.0
2026-05-28,000660,2243000.0,2243000.0,2243000.0,2243000.0,0.0
2025-11-10,051910,385500.0,401000.0,375500.0,397000.0,290167.0
2025-11-11,051910,401500.0,405000.0,392500.0,399500.0,396621.0
2025-11-12,051910,402500.0,404000.0,390000.0,393500.0,401469.0
2025-11-13,051910,393500.0,428500.0,393500.0,419500.0,676571.0
2025-11-14,051910,406500.0,420000.0,403000.0,407500.0,338108.0
2025-11-17,051910,413000.0,419500.0,398000.0,402000.0,264512.0
2025-11-18,051910,398000.0,405500.0,386500.0,388000.0,333994.0
2025-11-19,051910,394000.0,398500.0,378000.0,390500.0,206165.0
2025-11-20,051910,397500.0,399000.0,388500.0,388500.0,174417.0
2025-11-21,051910,377500.0,378000.0,362750.0,367000.0,315503.0
2025-11-24,051910,369000.0,370500.0,355000.0,358500.0,319529.0
2025-11-25,051910,365000.0,369000.0,359500.0,363000.0,251051.0
2025-11-26,051910,369500.0,397500.0,369000.0,397000.0,504358.0
2025-11-27,051910,394500.0,402500.0,386000.0,395500.0,457285.0
2025-11-28,051910,396500.0,396500.0,373000.0,374000.0,401535.0
2025-12-01,051910,378000.0,383500.0,367000.0,372000.0,213121.0
2025-12-02,051910,374500.0,376500.0,367500.0,371500.0,178062.0
2025-12-03,051910,373000.0,383000.0,372500.0,380000.0,193648.0
2025-12-04,051910,380000.0,383000.0,373500.0,376000.0,229061.0
2025-12-05,051910,376500.0,382000.0,372000.0,381500.0,275857.0
2025-12-08,051910,384000.0,387000.0,377500.0,386500.0,237724.0
2025-12-09,051910,383500.0,385000.0,378000.0,379500.0,176352.0
2025-12-10,051910,384500.0,388500.0,373500.0,376000.0,192669.0
2025-12-11,051910,379500.0,380500.0,365500.0,365500.0,278618.0
2025-12-12,051910,370000.0,373000.0,366500.0,371500.0,173965.0
2025-12-15,051910,362000.0,377000.0,361500.0,369000.0,150033.0
2025-12-16,051910,369500.0,370000.0,351500.0,354000.0,258691.0
2025-12-17,051910,356500.0,365000.0,354500.0,364000.0,182526.0
2025-12-18,051910,344000.0,347000.0,332500.0,333000.0,439388.0
2025-12-19,051910,335000.0,338500.0,324500.0,338500.0,344256.0
2025-12-22,051910,343000.0,351000.0,339000.0,346000.0,157106.0
2025-12-23,051910,348000.0,348000.0,342500.0,345500.0,143777.0
2025-12-24,051910,347500.0,349000.0,342500.0,346000.0,105513.0
2025-12-26,051910,343000.0,346000.0,335000.0,336000.0,145837.0
2025-12-29,051910,326000.0,339000.0,325000.0,338500.0,139537.0
2025-12-30,051910,334000.0,334500.0,330000.0,333000.0,193822.0
2026-01-02,051910,331000.0,331000.0,319500.0,322500.0,246623.0
2026-01-05,051910,318500.0,330000.0,318500.0,330000.0,222585.0
2026-01-06,051910,334000.0,334500.0,324500.0,328500.0,282451.0
2026-01-07,051910,326000.0,328500.0,315000.0,319500.0,282239.0
2026-01-08,051910,316500.0,317500.0,311000.0,315000.0,416599.0
2026-01-09,051910,317000.0,320000.0,307500.0,312500.0,280530.0
2026-01-12,051910,311000.0,322500.0,310000.0,321500.0,342118.0
2026-01-13,051910,323000.0,343000.0,318000.0,342500.0,461945.0
2026-01-14,051910,340500.0,341500.0,327500.0,330500.0,244657.0
2026-01-15,051910,331000.0,342500.0,330500.0,336000.0,270726.0
2026-01-16,051910,337000.0,343000.0,330500.0,333500.0,239548.0
2026-01-19,051910,329000.0,338500.0,323500.0,337500.0,289896.0
2026-01-20,051910,334000.0,345000.0,333000.0,339000.0,267761.0
2026-01-21,051910,334000.0,336500.0,323500.0,331000.0,212312.0
2026-01-22,051910,332000.0,357000.0,331000.0,350500.0,664481.0
2026-01-23,051910,359500.0,369000.0,350500.0,358000.0,541858.0
2026-01-26,051910,356000.0,358000.0,344500.0,349500.0,400048.0
2026-01-27,051910,345000.0,355000.0,341000.0,344000.0,308673.0
2026-01-28,051910,349500.0,366500.0,348500.0,354000.0,456693.0
2026-01-29,051910,357500.0,357500.0,336000.0,343000.0,435702.0
2026-01-30,051910,341000.0,342500.0,310500.0,310500.0,963226.0
2026-02-02,051910,312000.0,312500.0,294000.0,296500.0,492954.0
2026-02-03,051910,302000.0,307500.0,296500.0,306500.0,349494.0
2026-02-04,051910,305500.0,319000.0,305500.0,318000.0,351475.0
2026-02-05,051910,315500.0,320000.0,307500.0,312000.0,310333.0
2026-02-06,051910,303500.0,305500.0,297000.0,304000.0,266373.0
2026-02-09,051910,313000.0,315000.0,305000.0,310500.0,259118.0
2026-02-10,051910,312000.0,324500.0,310500.0,321000.0,413203.0
2026-02-11,051910,324000.0,327000.0,318000.0,322500.0,393723.0
2026-02-12,051910,325500.0,340000.0,324000.0,336500.0,576686.0
2026-02-13,051910,331000.0,336000.0,324000.0,324500.0,386073.0
2026-02-19,051910,326500.0,336500.0,326000.0,334500.0,383082.0
2026-02-20,051910,333500.0,341500.0,331500.0,337000.0,236523.0
2026-02-23,051910,339000.0,340000.0,332000.0,332500.0,232539.0
2026-02-24,051910,335000.0,351500.0,333500.0,350500.0,519344.0
2026-02-25,051910,353000.0,401500.0,347500.0,387500.0,1099978.0
2026-02-26,051910,387500.0,393500.0,383000.0,390000.0,466977.0
2026-02-27,051910,381000.0,424000.0,381000.0,417500.0,1146026.0
2026-03-03,051910,402000.0,407000.0,360000.0,361000.0,956158.0
2026-03-04,051910,343000.0,347500.0,303000.0,307000.0,720462.0
2026-03-05,051910,334500.0,338500.0,321000.0,324500.0,550806.0
2026-03-06,051910,317500.0,328000.0,307500.0,326500.0,511510.0
2026-03-09,051910,305000.0,310500.0,288000.0,300000.0,582831.0
2026-03-10,051910,320000.0,323000.0,305500.0,311000.0,279895.0
2026-03-11,051910,321500.0,329500.0,312000.0,315500.0,217879.0
2026-03-12,051910,311000.0,313500.0,304000.0,306000.0,308065.0
2026-03-13,051910,295000.0,301500.0,294500.0,297500.0,273412.0
2026-03-16,051910,296000.0,297500.0,288000.0,292000.0,325789.0
2026-03-17,051910,300000.0,313500.0,300000.0,307500.0,256068.0
2026-03-18,051910,314000.0,324000.0,312000.0,320000.0,278071.0
2026-03-19,051910,308000.0,313000.0,303500.0,303500.0,207291.0
2026-03-20,051910,310000.0,312500.0,306500.0,310000.0,214904.0
2026-03-23,051910,298000.0,299500.0,289000.0,290000.0,249892.0
2026-03-24,051910,305000.0,315000.0,303000.0,314000.0,337381.0
2026-03-25,051910,319500.0,323000.0,311500.0,318000.0,218075.0
2026-03-26,051910,320000.0,326500.0,311000.0,314000.0,213175.0
2026-03-27,051910,304000.0,316500.0,298500.0,313000.0,239600.0
2026-03-30,051910,299000.0,328500.0,297000.0,322000.0,387305.0
2026-03-31,051910,319000.0,321000.0,297500.0,299000.0,473765.0
2026-04-01,051910,314500.0,315500.0,302500.0,312500.0,322039.0
2026-04-02,051910,316000.0,326500.0,298000.0,302000.0,438492.0
2026-04-03,051910,309500.0,311500.0,299500.0,304500.0,241336.0
2026-04-06,051910,303500.0,320500.0,303500.0,317000.0,299795.0
2026-04-07,051910,316500.0,331000.0,315000.0,323500.0,313215.0
2026-04-08,051910,342000.0,346500.0,331000.0,344500.0,374125.0
2026-04-09,051910,353500.0,367000.0,348500.0,355000.0,717366.0
2026-04-10,051910,359500.0,362500.0,351500.0,356000.0,283205.0
2026-04-13,051910,344000.0,345000.0,336000.0,340000.0,264626.0
2026-04-14,051910,346000.0,350500.0,340500.0,341500.0,164618.0
2026-04-15,051910,349500.0,363000.0,348000.0,354000.0,322452.0
2026-04-16,051910,360500.0,365000.0,351500.0,357500.0,218360.0
2026-04-17,051910,357500.0,362000.0,352500.0,360000.0,188824.0
2026-04-20,051910,360000.0,374000.0,359000.0,365500.0,239109.0
2026-04-21,051910,374000.0,390000.0,371000.0,389500.0,449161.0
2026-04-22,051910,390000.0,399500.0,385000.0,392000.0,344699.0
2026-04-23,051910,400500.0,403500.0,384500.0,391500.0,373795.0
2026-04-24,051910,390000.0,393500.0,378500.0,391500.0,309047.0
2026-04-27,051910,390000.0,390000.0,377000.0,379500.0,305442.0
2026-04-28,051910,386000.0,403500.0,385000.0,394000.0,339216.0
2026-04-29,051910,397500.0,411500.0,395000.0,407500.0,414937.0
2026-04-30,051910,407500.0,407500.0,392000.0,397000.0,283039.0
2026-05-04,051910,411500.0,435000.0,408000.0,429000.0,609933.0
2026-05-06,051910,436000.0,436000.0,413000.0,423500.0,372989.0
2026-05-07,051910,424500.0,429000.0,413750.0,425000.0,397016.0
2026-05-08,051910,425000.0,437500.0,414500.0,429500.0,316902.0
2026-05-11,051910,426500.0,431750.0,415500.0,423500.0,323937.0
2026-05-12,051910,419000.0,420500.0,377000.0,388500.0,1047094.0
2026-05-13,051910,395000.0,397000.0,374000.0,387500.0,337701.0
2026-05-14,051910,394500.0,395000.0,376500.0,392500.0,365104.0
2026-05-15,051910,393000.0,409500.0,367000.0,374000.0,407694.0
2026-05-18,051910,378500.0,380000.0,351500.0,373000.0,248124.0
2026-05-19,051910,369500.0,369500.0,341500.0,350500.0,395053.0
2026-05-20,051910,353500.0,354000.0,326000.0,332000.0,458363.0
2026-05-21,051910,343000.0,349500.0,336000.0,348000.0,373133.0
2026-05-22,051910,357000.0,362000.0,345500.0,351000.0,349477.0
2026-05-26,051910,359000.0,361000.0,349500.0,351000.0,288865.0
2026-05-27,051910,348500.0,351500.0,330500.0,331000.0,447062.0
2026-05-28,051910,331000.0,331000.0,331000.0,331000.0,0.0
2025-01-09,006400,244268.0,245247.0,232520.0,233988.0,722180.0
2025-01-10,006400,233988.0,234967.0,227625.0,229093.0,413626.0
2025-01-13,006400,227625.0,230072.0,224688.0,224688.0,375335.0
2025-01-14,006400,227625.0,233499.0,225667.0,231541.0,361798.0
2025-01-15,006400,232030.0,233499.0,226156.0,226646.0,282940.0
2025-01-16,006400,230562.0,234478.0,229093.0,229583.0,292772.0
2025-01-17,006400,228114.0,231541.0,227625.0,229093.0,215816.0
2025-01-20,006400,230072.0,239373.0,230072.0,238394.0,436132.0
2025-01-21,006400,235946.0,237905.0,225177.0,229093.0,429840.0
2025-01-22,006400,230562.0,236436.0,229583.0,234478.0,275832.0
2025-01-23,006400,233009.0,233499.0,227625.0,227625.0,245299.0
2025-01-24,006400,228114.0,229583.0,220282.0,221750.0,486053.0
2025-01-31,006400,220771.0,221261.0,215387.0,217345.0,412029.0
2025-02-03,006400,211960.0,211960.0,202659.0,203638.0,518647.0
2025-02-04,006400,206086.0,209513.0,201191.0,201191.0,523511.0
2025-02-05,006400,203638.0,211471.0,203149.0,208044.0,404393.0
2025-02-06,006400,208534.0,209513.0,204128.0,207555.0,351675.0
2025-02-07,006400,205107.0,211960.0,204128.0,205107.0,313332.0
2025-02-10,006400,201191.0,208534.0,195806.0,206575.0,677930.0
2025-02-11,006400,205596.0,210492.0,203638.0,206086.0,296924.0
2025-02-12,006400,206086.0,208044.0,203638.0,204617.0,247127.0
2025-02-13,006400,206575.0,212450.0,206086.0,209513.0,840837.0
2025-02-14,006400,209513.0,212450.0,207065.0,209023.0,314999.0
2025-02-17,006400,210981.0,217345.0,208534.0,214897.0,359054.0
2025-02-18,006400,216855.0,216855.0,210492.0,212939.0,266985.0
2025-02-19,006400,211471.0,223219.0,211471.0,221261.0,511308.0
2025-02-20,006400,220771.0,227135.0,219792.0,222240.0,395944.0
2025-02-21,006400,222730.0,228114.0,220282.0,226646.0,390614.0
2025-02-24,006400,223709.0,243289.0,223219.0,241821.0,810911.0
2025-02-25,006400,238394.0,242310.0,231541.0,231541.0,580972.0
2025-02-26,006400,229583.0,235457.0,228114.0,232520.0,682151.0
2025-02-27,006400,234967.0,237415.0,231051.0,233499.0,441715.0
2025-02-28,006400,230072.0,230072.0,217834.0,219303.0,704342.0
2025-03-04,006400,217345.0,219303.0,208044.0,208534.0,604511.0
2025-03-05,006400,210981.0,212450.0,205596.0,209023.0,562644.0
2025-03-06,006400,211471.0,216366.0,207065.0,208044.0,584454.0
2025-03-07,006400,205596.0,216366.0,203638.0,213918.0,522099.0
2025-03-10,006400,213918.0,215876.0,209023.0,211471.0,472306.0
2025-03-11,006400,202659.0,206575.0,201680.0,204617.0,487464.0
2025-03-12,006400,207555.0,210492.0,205596.0,208534.0,387217.0
2025-03-13,006400,210981.0,211960.0,199722.0,199722.0,1089451.0
2025-03-14,006400,195317.0,205107.0,185330.0,187386.0,2851908.0
2025-03-17,006400,187191.0,188561.0,182883.0,186407.0,976834.0
2025-03-18,006400,187386.0,191792.0,186652.0,186799.0,772604.0
2025-03-19,006400,186505.0,190911.0,186505.0,187876.0,790168.0
2025-03-20,006400,190617.0,201191.0,189834.0,198254.0,1348840.0
2025-03-21,006400,198743.0,199233.0,192184.0,196296.0,724665.0
2025-03-24,006400,196785.0,198743.0,193456.0,197275.0,286162.0
2025-03-25,006400,199722.0,201191.0,195708.0,197764.0,254973.0
2025-03-26,006400,198254.0,208044.0,196296.0,204128.0,445857.0
2025-03-27,006400,200701.0,202170.0,197275.0,197275.0,305262.0
2025-03-28,006400,197764.0,199233.0,193359.0,195219.0,337896.0
2025-03-31,006400,191596.0,192379.0,184547.0,184547.0,576174.0
2025-04-01,006400,186505.0,189834.0,185330.0,189540.0,352728.0
2025-04-02,006400,189638.0,190324.0,181708.0,182589.0,467150.0
2025-04-03,006400,176715.0,181316.0,175540.0,179358.0,373181.0
2025-04-04,006400,175736.0,187289.0,175736.0,186799.0,478175.0
2025-04-07,006400,179358.0,180925.0,176030.0,176323.0,382779.0
2025-04-08,006400,179946.0,180239.0,172211.0,172603.0,418533.0
2025-04-09,006400,169079.0,173582.0,166435.0,168099.0,550125.0
2025-04-10,006400,177900.0,178300.0,172800.0,177200.0,492598.0
2025-04-11,006400,173000.0,177100.0,172000.0,175600.0,355010.0
2025-04-14,006400,177600.0,181900.0,177100.0,178400.0,278232.0
2025-04-15,006400,179400.0,184100.0,176300.0,182600.0,303559.0
2025-04-16,006400,182000.0,184400.0,176600.0,177000.0,272189.0
2025-04-17,006400,178000.0,182700.0,177000.0,180900.0,246328.0
2025-04-18,006400,182100.0,182100.0,178500.0,180000.0,146661.0
2025-04-21,006400,179000.0,180500.0,176700.0,177800.0,184454.0
2025-04-22,006400,176900.0,179800.0,176200.0,177300.0,213303.0
2025-04-23,006400,180000.0,190400.0,179900.0,190400.0,532051.0
2025-04-24,006400,191200.0,191300.0,183700.0,184700.0,330284.0
2025-04-25,006400,186700.0,189400.0,184000.0,185100.0,328738.0
2025-04-28,006400,184500.0,189600.0,183500.0,184200.0,327979.0
2025-04-29,006400,185000.0,185500.0,182000.0,183600.0,241248.0
2025-04-30,006400,183100.0,183300.0,175600.0,176000.0,606531.0
2025-05-02,006400,176400.0,177000.0,170900.0,173600.0,330151.0
2025-05-07,006400,175400.0,176400.0,171400.0,172200.0,405002.0
2025-05-08,006400,172100.0,173400.0,170100.0,172200.0,584179.0
2025-05-09,006400,173800.0,173800.0,170300.0,170400.0,227421.0
2025-05-12,006400,170700.0,174900.0,170600.0,174900.0,260867.0
2025-05-13,006400,175400.0,176200.0,170600.0,170900.0,296932.0
2025-05-14,006400,171400.0,173600.0,167300.0,173000.0,356073.0
2025-05-15,006400,171300.0,173000.0,169600.0,169700.0,265305.0
2025-05-16,006400,170000.0,170000.0,164100.0,164700.0,662722.0
2025-05-19,006400,163400.0,173300.0,163400.0,169400.0,490511.0
2025-05-20,006400,170400.0,170800.0,160600.0,161500.0,568781.0
2025-05-21,006400,162100.0,165500.0,161600.0,161800.0,291613.0
2025-05-22,006400,161800.0,164700.0,157700.0,163100.0,395732.0
2025-05-23,006400,162700.0,163400.0,159200.0,160200.0,268120.0
2025-05-26,006400,160200.0,168400.0,160200.0,166000.0,396990.0
2025-05-27,006400,164400.0,164600.0,159400.0,160200.0,488202.0
2025-05-28,006400,161300.0,176000.0,160800.0,174100.0,1002912.0
2025-05-29,006400,175800.0,175800.0,169000.0,174400.0,557915.0
2025-05-30,006400,172500.0,174000.0,168900.0,168900.0,1009215.0
2025-06-02,006400,170000.0,172900.0,167000.0,172800.0,438261.0
2025-06-04,006400,174600.0,179000.0,171400.0,172400.0,503464.0
2025-06-05,006400,170800.0,176300.0,170200.0,174300.0,370426.0
2025-06-09,006400,173500.0,173600.0,169500.0,170800.0,489915.0
2025-06-10,006400,171900.0,172900.0,169400.0,170300.0,426240.0
2025-06-11,006400,170800.0,175000.0,170300.0,172900.0,603691.0
2025-06-12,006400,171500.0,176900.0,171100.0,174800.0,1132120.0
2025-06-13,006400,173900.0,175900.0,169800.0,172100.0,666710.0
2025-06-16,006400,170900.0,171200.0,165900.0,168900.0,610282.0
2025-06-17,006400,169000.0,172900.0,166900.0,169300.0,508546.0
2025-06-18,006400,168300.0,170700.0,167100.0,169200.0,399040.0
2025-06-19,006400,169300.0,170800.0,167900.0,168200.0,408738.0
2025-06-20,006400,168200.0,177000.0,166500.0,176300.0,934905.0
2025-06-23,006400,172800.0,172900.0,168300.0,169300.0,571851.0
2025-06-24,006400,172500.0,182300.0,172400.0,176800.0,742543.0
2025-06-25,006400,177700.0,177800.0,173300.0,175400.0,421667.0
2025-06-26,006400,177000.0,178700.0,173100.0,174600.0,418901.0
2025-06-27,006400,175300.0,175300.0,169600.0,169700.0,478562.0
2025-06-30,006400,171000.0,175500.0,170900.0,172800.0,414084.0
2025-07-01,006400,173400.0,181700.0,172300.0,178200.0,885032.0
2025-07-02,006400,176600.0,179100.0,175200.0,179000.0,470497.0
2025-07-03,006400,180000.0,187000.0,178600.0,185300.0,850429.0
2025-07-04,006400,182800.0,183600.0,179500.0,181100.0,500743.0
2025-07-07,006400,182800.0,183700.0,176800.0,177000.0,504717.0
2025-07-08,006400,175400.0,178500.0,174000.0,175000.0,493345.0
2025-07-09,006400,175500.0,176900.0,169700.0,170100.0,689370.0
2025-07-10,006400,171000.0,171900.0,169900.0,170300.0,554246.0
2025-07-11,006400,171100.0,181000.0,171000.0,179400.0,1066739.0
2025-07-14,006400,180200.0,181100.0,176700.0,181100.0,399191.0
2025-07-15,006400,180600.0,181000.0,177800.0,179200.0,328760.0
2025-07-16,006400,178700.0,180000.0,175900.0,176100.0,278372.0
2025-07-17,006400,177400.0,179200.0,174600.0,179000.0,356729.0
2025-07-18,006400,180700.0,184300.0,180050.0,182500.0,686213.0
2025-07-21,006400,182500.0,186500.0,180900.0,185800.0,517341.0
2025-07-22,006400,187600.0,189200.0,181500.0,181900.0,473977.0
2025-07-23,006400,184000.0,185900.0,180100.0,184600.0,404059.0
2025-07-24,006400,186400.0,193900.0,185100.0,190300.0,1013457.0
2025-07-25,006400,193300.0,193300.0,187000.0,189800.0,525343.0
2025-07-28,006400,191900.0,195700.0,190500.0,194500.0,753603.0
2025-07-29,006400,192200.0,192300.0,187200.0,191100.0,536337.0
2025-07-30,006400,190700.0,210000.0,190700.0,206000.0,1593192.0
2025-07-31,006400,212500.0,212500.0,197500.0,201000.0,948283.0
2025-08-01,006400,196400.0,198000.0,189800.0,190000.0,843531.0
2025-08-04,006400,190800.0,194000.0,189500.0,193700.0,434105.0
2025-08-05,006400,197600.0,221500.0,197500.0,213500.0,1875615.0
2025-08-06,006400,212000.0,223000.0,211000.0,218000.0,1157281.0
2025-08-07,006400,223000.0,223000.0,214500.0,217000.0,467950.0
2025-08-08,006400,221500.0,221500.0,215000.0,218000.0,361289.0
2025-08-11,006400,221500.0,234000.0,221000.0,225000.0,983767.0
2025-08-12,006400,225000.0,226500.0,221000.0,221000.0,403226.0
2025-08-13,006400,225500.0,225500.0,218000.0,221500.0,325765.0
2025-08-14,006400,223500.0,229000.0,223000.0,224000.0,448035.0
2025-08-18,006400,222500.0,224500.0,216000.0,219500.0,319220.0
2025-08-19,006400,220500.0,223500.0,215500.0,221000.0,268361.0
2025-08-20,006400,218000.0,224000.0,216000.0,217500.0,377027.0
2025-08-21,006400,219000.0,219500.0,214500.0,215500.0,325179.0
2025-08-22,006400,216500.0,219000.0,213500.0,216000.0,373227.0
2025-08-25,006400,220000.0,223500.0,217500.0,221500.0,254189.0
2025-08-26,006400,221000.0,225750.0,219500.0,221000.0,480981.0
2025-08-27,006400,224000.0,224000.0,217500.0,220000.0,362256.0
2025-08-28,006400,220500.0,222500.0,215000.0,216000.0,336139.0
2025-08-29,006400,216500.0,216500.0,206000.0,207000.0,619884.0
2025-09-01,006400,202500.0,206500.0,201500.0,203000.0,300030.0
2025-09-02,006400,204000.0,204000.0,199400.0,202500.0,295808.0
2025-09-03,006400,203000.0,204500.0,200000.0,201500.0,252531.0
2025-09-04,006400,205500.0,205500.0,201000.0,202500.0,260018.0
2025-09-05,006400,202500.0,203500.0,199300.0,199500.0,303237.0
2025-09-08,006400,197900.0,201500.0,197600.0,199900.0,207896.0
2025-09-09,006400,200500.0,202500.0,199600.0,201500.0,307287.0
2025-09-10,006400,200000.0,200500.0,196800.0,198100.0,689275.0
2025-09-11,006400,199700.0,201000.0,198000.0,198300.0,488743.0
2025-09-12,006400,201500.0,204000.0,200000.0,204000.0,534562.0
2025-09-15,006400,206000.0,207000.0,200500.0,201500.0,592824.0
2025-09-16,006400,203000.0,205000.0,201500.0,204000.0,398951.0
2025-09-17,006400,204500.0,207500.0,202500.0,204000.0,342331.0
2025-09-18,006400,205000.0,209000.0,202500.0,209000.0,374497.0
2025-09-19,006400,207500.0,209000.0,203000.0,203000.0,858121.0
2025-09-22,006400,205000.0,211000.0,203500.0,207500.0,406999.0
2025-09-23,006400,208500.0,211500.0,207500.0,210000.0,296713.0
2025-09-24,006400,211500.0,211500.0,203000.0,205500.0,361727.0
2025-09-25,006400,206000.0,211500.0,205500.0,210500.0,416263.0
2025-09-26,006400,208000.0,208000.0,202500.0,202500.0,378492.0
2025-09-29,006400,205500.0,208000.0,204500.0,206000.0,205188.0
2025-09-30,006400,205000.0,209000.0,204500.0,205000.0,247788.0
2025-10-01,006400,206000.0,207500.0,203000.0,204000.0,216933.0
2025-10-02,006400,207500.0,212000.0,206500.0,206500.0,588864.0
2025-10-10,006400,208500.0,208500.0,202500.0,207000.0,461084.0
2025-10-13,006400,203500.0,214000.0,201500.0,210500.0,628628.0
2025-10-14,006400,211500.0,223000.0,209500.0,220000.0,1096518.0
2025-10-15,006400,223000.0,223000.0,217500.0,221500.0,450096.0
2025-10-16,006400,222000.0,236000.0,221000.0,236000.0,1126965.0
2025-10-17,006400,234000.0,259500.0,232000.0,255500.0,2155134.0
2025-10-20,006400,258000.0,261500.0,248000.0,260500.0,876562.0
2025-10-21,006400,261500.0,267000.0,255500.0,259000.0,942968.0
2025-10-22,006400,262000.0,265500.0,258000.0,262500.0,676863.0
2025-10-23,006400,261500.0,264500.0,257000.0,258000.0,520549.0
2025-10-24,006400,261000.0,296500.0,259000.0,293000.0,1641056.0
2025-10-27,006400,304000.0,304500.0,282000.0,285000.0,1695824.0
2025-10-28,006400,282500.0,321000.0,273000.0,312000.0,3688662.0
2025-10-29,006400,312500.0,334000.0,309500.0,331000.0,2181528.0
2025-10-30,006400,335000.0,349500.0,324000.0,325500.0,1784094.0
2025-10-31,006400,316000.0,329000.0,315500.0,322000.0,1007311.0
2025-11-03,006400,328500.0,328500.0,320000.0,327000.0,717628.0
2025-11-04,006400,353000.0,354500.0,335000.0,337500.0,1277759.0
2025-11-05,006400,327500.0,332500.0,310000.0,325000.0,1464201.0
2025-11-06,006400,335000.0,335500.0,318500.0,322000.0,806692.0
2025-11-07,006400,310000.0,318750.0,300000.0,306000.0,912774.0
2025-11-10,006400,308000.0,316000.0,303000.0,315000.0,450539.0
2025-11-11,006400,324000.0,331000.0,314000.0,322000.0,774167.0
2025-11-12,006400,324500.0,325000.0,316000.0,321500.0,342657.0
2025-11-13,006400,321500.0,336500.0,317500.0,334500.0,672268.0
2025-11-14,006400,323000.0,324500.0,315000.0,315000.0,544713.0
2025-11-17,006400,321000.0,324500.0,315000.0,317000.0,324257.0
2025-11-18,006400,317000.0,319000.0,301000.0,301500.0,520118.0
2025-11-19,006400,300500.0,303500.0,290000.0,296500.0,413844.0
2025-11-20,006400,304500.0,307000.0,300500.0,302000.0,247526.0
2025-11-21,006400,289000.0,293250.0,287000.0,288500.0,345160.0
2025-11-24,006400,291500.0,291500.0,280500.0,281000.0,808887.0
2025-11-25,006400,288000.0,289000.0,281000.0,284500.0,265462.0
2025-11-26,006400,288000.0,304500.0,286500.0,304500.0,466323.0
2025-11-27,006400,307000.0,307500.0,300000.0,303000.0,256219.0
2025-11-28,006400,307500.0,308000.0,298000.0,299500.0,339877.0
2025-12-01,006400,301500.0,304500.0,296000.0,299000.0,255242.0
2025-12-02,006400,300500.0,306500.0,297500.0,305000.0,317336.0
2025-12-03,006400,305500.0,306250.0,301000.0,305000.0,224504.0
2025-12-04,006400,305500.0,306000.0,297500.0,302500.0,297211.0
2025-12-05,006400,299500.0,310500.0,299500.0,307500.0,379347.0
2025-12-08,006400,308500.0,314000.0,305000.0,314000.0,507131.0
2025-12-09,006400,310500.0,313000.0,306500.0,310000.0,278714.0
2025-12-10,006400,326000.0,329000.0,314000.0,317500.0,637865.0
2025-12-11,006400,321000.0,321500.0,308000.0,308000.0,463386.0
2025-12-12,006400,310000.0,310000.0,306000.0,308000.0,304163.0
2025-12-15,006400,301500.0,309500.0,298500.0,303000.0,339241.0
2025-12-16,006400,304000.0,304500.0,291500.0,293500.0,480504.0
2025-12-17,006400,296000.0,297000.0,291500.0,295000.0,232155.0
2025-12-18,006400,285000.0,285500.0,277000.0,277000.0,644420.0
2025-12-19,006400,280000.0,280000.0,267500.0,279500.0,691283.0
2025-12-22,006400,282000.0,285000.0,277500.0,282500.0,311296.0
2025-12-23,006400,283000.0,283000.0,277750.0,279500.0,329038.0
2025-12-24,006400,281500.0,283500.0,278500.0,280000.0,206418.0
2025-12-26,006400,280000.0,282500.0,273000.0,274000.0,340872.0
2025-12-29,006400,267000.0,278500.0,265000.0,277500.0,330047.0
2025-12-30,006400,273500.0,275000.0,267000.0,269500.0,448385.0
2026-01-02,006400,268000.0,268000.0,259000.0,262500.0,616243.0
2026-01-05,006400,260000.0,280000.0,259500.0,275000.0,805956.0
2026-01-06,006400,282000.0,282000.0,274000.0,277000.0,448991.0
2026-01-07,006400,279000.0,280000.0,268500.0,270500.0,603479.0
2026-01-08,006400,271500.0,274000.0,269000.0,271000.0,556265.0
2026-01-09,006400,272000.0,272000.0,265250.0,267500.0,433710.0
2026-01-12,006400,265500.0,280500.0,264000.0,278000.0,704473.0
2026-01-13,006400,281500.0,302500.0,276000.0,300000.0,1248744.0
2026-01-14,006400,298500.0,298500.0,284500.0,285500.0,663816.0
2026-01-15,006400,287000.0,292000.0,284250.0,291500.0,487778.0
2026-01-16,006400,291500.0,292000.0,286000.0,289000.0,447796.0
2026-01-19,006400,289000.0,320000.0,286000.0,314000.0,1430872.0
2026-01-20,006400,319000.0,339500.0,315500.0,326000.0,2148250.0
2026-01-21,006400,316000.0,326500.0,310000.0,324000.0,1109366.0
2026-01-22,006400,333000.0,385500.0,325500.0,384500.0,5826300.0
2026-01-23,006400,402000.0,402000.0,362500.0,373000.0,3366383.0
2026-01-26,006400,385500.0,389500.0,375500.0,387000.0,1609025.0
2026-01-27,006400,373500.0,398000.0,367500.0,387500.0,1845095.0
2026-01-28,006400,394000.0,411500.0,390000.0,396500.0,2071072.0
2026-01-29,006400,397500.0,399500.0,376500.0,388000.0,1317541.0
2026-01-30,006400,390500.0,400500.0,376000.0,390000.0,1730887.0
2026-02-02,006400,380000.0,386500.0,355500.0,356000.0,1586089.0
2026-02-03,006400,366500.0,381000.0,357500.0,374500.0,930111.0
2026-02-04,006400,374000.0,396000.0,372500.0,391500.0,1224216.0
2026-02-05,006400,388000.0,399500.0,380000.0,385500.0,1150046.0
2026-02-06,006400,370500.0,373000.0,358500.0,370000.0,727300.0
2026-02-09,006400,381500.0,383000.0,375000.0,380000.0,477549.0
2026-02-10,006400,385500.0,391500.0,377000.0,381000.0,504263.0
2026-02-11,006400,381500.0,384500.0,373500.0,377000.0,367852.0
2026-02-12,006400,381000.0,386000.0,373000.0,385500.0,639928.0
2026-02-13,006400,377500.0,383000.0,372500.0,374500.0,517002.0
2026-02-19,006400,379500.0,409000.0,377000.0,408000.0,1085467.0
2026-02-20,006400,402000.0,420500.0,399000.0,402000.0,928083.0
2026-02-23,006400,407500.0,407500.0,387000.0,391500.0,793713.0
2026-02-24,006400,400500.0,427000.0,399500.0,421500.0,2584055.0
2026-02-25,006400,422000.0,443500.0,415000.0,433000.0,1253279.0
2026-02-26,006400,439500.0,457000.0,436500.0,449000.0,1109842.0
2026-02-27,006400,439500.0,473500.0,438500.0,466000.0,1207350.0
2026-03-03,006400,453500.0,454500.0,408000.0,408000.0,1453235.0
2026-03-04,006400,390000.0,406000.0,348500.0,351000.0,1895549.0
2026-03-05,006400,391000.0,407000.0,385000.0,392500.0,1008865.0
2026-03-06,006400,388500.0,411500.0,385500.0,410500.0,796681.0
2026-03-09,006400,386500.0,394500.0,375500.0,389000.0,754807.0
2026-03-10,006400,415000.0,415000.0,394000.0,403500.0,597355.0
2026-03-11,006400,413500.0,419000.0,394500.0,400000.0,531148.0
2026-03-12,006400,396000.0,402000.0,394000.0,400000.0,616460.0
2026-03-13,006400,387000.0,397000.0,384500.0,388000.0,531172.0
2026-03-16,006400,395000.0,398000.0,380000.0,383000.0,483616.0
2026-03-17,006400,395000.0,397500.0,388000.0,389000.0,359325.0
2026-03-18,006400,397000.0,405000.0,393500.0,405000.0,384421.0
2026-03-19,006400,397000.0,414000.0,396000.0,402500.0,428488.0
2026-03-20,006400,405000.0,407000.0,398000.0,400500.0,397940.0
2026-03-23,006400,386500.0,387000.0,375500.0,376500.0,462325.0
2026-03-24,006400,392000.0,403000.0,383500.0,397500.0,531265.0
2026-03-25,006400,401000.0,411500.0,399500.0,404000.0,416484.0
2026-03-26,006400,402000.0,413500.0,391000.0,396500.0,455967.0
2026-03-27,006400,387500.0,409000.0,375000.0,405500.0,657568.0
2026-03-30,006400,389000.0,418000.0,388500.0,412500.0,735298.0
2026-03-31,006400,419500.0,429500.0,404000.0,408000.0,1110671.0
2026-04-01,006400,425000.0,434000.0,413000.0,432000.0,779644.0
2026-04-02,006400,434500.0,460000.0,430000.0,443000.0,1822137.0
2026-04-03,006400,451500.0,460000.0,432500.0,438500.0,692098.0
2026-04-06,006400,441000.0,470000.0,438000.0,453500.0,1125434.0
2026-04-07,006400,448500.0,468500.0,445000.0,456500.0,759485.0
2026-04-08,006400,471000.0,471500.0,454500.0,471500.0,821542.0
2026-04-09,006400,475000.0,493500.0,469000.0,480000.0,1003279.0
2026-04-10,006400,483000.0,490000.0,473000.0,481000.0,550626.0
2026-04-13,006400,476500.0,493000.0,472000.0,477500.0,482539.0
2026-04-14,006400,485500.0,491000.0,463000.0,470500.0,798652.0
2026-04-15,006400,473500.0,478500.0,466000.0,471000.0,632770.0
2026-04-16,006400,473000.0,480000.0,473000.0,478500.0,357441.0
2026-04-17,006400,480000.0,515000.0,473000.0,513000.0,1116580.0
2026-04-20,006400,515000.0,549000.0,509000.0,538000.0,827022.0
2026-04-21,006400,570000.0,648000.0,557000.0,645000.0,2533682.0
2026-04-22,006400,686000.0,686000.0,647000.0,659000.0,1727542.0
2026-04-23,006400,657000.0,669000.0,613000.0,630000.0,1204489.0
2026-04-24,006400,648000.0,663000.0,631000.0,641000.0,786062.0
2026-04-27,006400,641000.0,648000.0,616000.0,635000.0,701082.0
2026-04-28,006400,657000.0,690000.0,650000.0,680000.0,1454459.0
2026-04-29,006400,689000.0,714000.0,685000.0,712000.0,1268312.0
2026-04-30,006400,721000.0,723000.0,692000.0,695000.0,853824.0
2026-05-04,006400,715000.0,717000.0,694000.0,705000.0,663957.0
2026-05-06,006400,707000.0,707000.0,677000.0,698000.0,813564.0
2026-05-07,006400,698000.0,698000.0,677000.0,694000.0,604589.0
2026-05-08,006400,683000.0,694000.0,671000.0,678000.0,460537.0
2026-05-11,006400,670000.0,693000.0,651000.0,684000.0,850986.0
2026-05-12,006400,676000.0,680000.0,616000.0,629000.0,1349091.0
2026-05-13,006400,612000.0,645000.0,600000.0,634000.0,788819.0
2026-05-14,006400,663000.0,665000.0,623000.0,636000.0,712838.0
2026-05-15,006400,629000.0,668000.0,603000.0,614000.0,1100294.0
2026-05-18,006400,592000.0,616000.0,565000.0,613000.0,554836.0
2026-05-19,006400,612000.0,621000.0,570000.0,587000.0,511340.0
2026-05-20,006400,580000.0,584000.0,548000.0,570000.0,691785.0
2026-05-21,006400,592000.0,616000.0,578000.0,616000.0,516899.0
2026-05-22,006400,640000.0,657000.0,627000.0,647000.0,652607.0
2026-05-26,006400,666000.0,667000.0,631000.0,642000.0,481983.0
2026-05-27,006400,636000.0,674000.0,629000.0,630000.0,799920.0
2026-05-28,006400,630000.0,630000.0,630000.0,630000.0,0.0
2026-02-19,035720,58200.0,58300.0,57400.0,57600.0,1988817.0
2026-02-20,035720,57800.0,58900.0,57700.0,57900.0,1950669.0
2026-02-23,035720,58600.0,58600.0,57800.0,58100.0,1657993.0
2026-02-24,035720,58100.0,58400.0,57700.0,57900.0,1803888.0
2026-02-25,035720,58000.0,58000.0,57200.0,57400.0,2078203.0
2026-02-26,035720,58700.0,62300.0,58600.0,61400.0,9617787.0
2026-02-27,035720,61300.0,64500.0,60500.0,62300.0,7242478.0
2026-03-03,035720,60900.0,61400.0,56100.0,56200.0,6691339.0
2026-03-04,035720,53200.0,54300.0,47050.0,47050.0,6214956.0
2026-03-05,035720,51200.0,52400.0,50300.0,51200.0,3724178.0
2026-03-06,035720,50500.0,54400.0,50500.0,53600.0,2823937.0
2026-03-09,035720,50100.0,50500.0,48800.0,50400.0,2045023.0
2026-03-10,035720,51800.0,52500.0,50900.0,51800.0,1860754.0
2026-03-11,035720,52500.0,53200.0,50600.0,50900.0,1975641.0
2026-03-12,035720,50900.0,51200.0,50100.0,50400.0,1596311.0
2026-03-13,035720,49300.0,50900.0,49200.0,50600.0,1196401.0
2026-03-16,035720,50900.0,51300.0,50000.0,50200.0,1248665.0
2026-03-17,035720,51100.0,52000.0,50800.0,51300.0,1021895.0
2026-03-18,035720,52000.0,52000.0,50900.0,51500.0,1814895.0
2026-03-19,035720,50300.0,50400.0,49900.0,50000.0,1164390.0
2026-03-20,035720,50100.0,50600.0,49900.0,50000.0,1270502.0
2026-03-23,035720,48900.0,48950.0,46900.0,46900.0,2105077.0
2026-03-24,035720,48300.0,49050.0,47000.0,48200.0,1301472.0
2026-03-25,035720,49650.0,50300.0,48850.0,49050.0,1232140.0
2026-03-26,035720,49400.0,49850.0,48450.0,48650.0,1231315.0
2026-03-27,035720,47550.0,48800.0,46950.0,48800.0,1271649.0
2026-03-30,035720,46850.0,47600.0,46450.0,47100.0,1053235.0
2026-03-31,035720,46400.0,46800.0,45500.0,45800.0,1706215.0
2026-04-01,035720,47200.0,48500.0,46600.0,48250.0,1269138.0
2026-04-02,035720,48650.0,48900.0,45100.0,45400.0,1527044.0
2026-04-03,035720,46300.0,46450.0,45050.0,45200.0,1076743.0
2026-04-06,035720,45000.0,45450.0,44000.0,44850.0,1223887.0
2026-04-07,035720,45050.0,47250.0,45050.0,46400.0,1991813.0
2026-04-08,035720,48400.0,48600.0,47250.0,47850.0,1615185.0
2026-04-09,035720,47900.0,47950.0,47000.0,47300.0,1128075.0
2026-04-10,035720,47550.0,47900.0,47300.0,47700.0,691399.0
2026-04-13,035720,46550.0,47400.0,46300.0,47000.0,829991.0
2026-04-14,035720,48050.0,48900.0,47950.0,48100.0,1049751.0
2026-04-15,035720,49100.0,50300.0,48850.0,49600.0,1413990.0
2026-04-16,035720,50600.0,51200.0,50200.0,50600.0,1290032.0
2026-04-17,035720,50700.0,50700.0,49700.0,50000.0,890443.0
2026-04-20,035720,49850.0,49850.0,48850.0,48850.0,1125279.0
2026-04-21,035720,49150.0,49250.0,48500.0,48950.0,1316511.0
2026-04-22,035720,48750.0,48900.0,48100.0,48450.0,1143499.0
2026-04-23,035720,49400.0,49600.0,47800.0,48400.0,1658254.0
2026-04-24,035720,48150.0,48200.0,47700.0,48050.0,1064052.0
2026-04-27,035720,48250.0,49150.0,48250.0,48450.0,1436742.0
2026-04-28,035720,48500.0,49350.0,48350.0,48850.0,1274968.0
2026-04-29,035720,48850.0,49000.0,48000.0,48400.0,1123582.0
2026-04-30,035720,48500.0,48550.0,47050.0,47300.0,1484406.0
2026-05-04,035720,47700.0,47850.0,46900.0,47100.0,1520475.0
2026-05-06,035720,47100.0,47900.0,46200.0,46300.0,2392733.0
2026-05-07,035720,47250.0,47500.0,45000.0,45250.0,3342858.0
2026-05-08,035720,45950.0,47400.0,45600.0,46000.0,3381737.0
2026-05-11,035720,46350.0,46400.0,44600.0,44700.0,2628330.0
2026-05-12,035720,45000.0,45100.0,42650.0,43550.0,2900712.0
2026-05-13,035720,43950.0,44500.0,42300.0,42950.0,2337765.0
2026-05-14,035720,43000.0,45950.0,43000.0,45950.0,3640858.0
2026-05-15,035720,46400.0,46400.0,43300.0,44000.0,2235112.0
2026-05-18,035720,43750.0,43750.0,41600.0,42450.0,1876958.0
2026-05-19,035720,42350.0,43350.0,40950.0,41600.0,1545131.0
2026-05-20,035720,41850.0,42400.0,39800.0,40150.0,2019858.0
2026-05-21,035720,40550.0,42100.0,40500.0,41800.0,1732522.0
2026-05-22,035720,42000.0,42600.0,41450.0,41850.0,1413790.0
2026-05-26,035720,42300.0,42350.0,40950.0,41450.0,1507976.0
2026-05-27,035720,41000.0,41350.0,40150.0,40500.0,1652378.0
2026-05-28,035720,40500.0,40500.0,40500.0,40500.0,0.0
2025-01-09,000270,101200.0,105700.0,101200.0,103300.0,2359171.0
2025-01-10,000270,104000.0,106600.0,103500.0,105600.0,1951844.0
2025-01-13,000270,104700.0,105400.0,103600.0,105400.0,1130422.0
2025-01-14,000270,104700.0,107900.0,104200.0,106700.0,1300498.0
2025-01-15,000270,106500.0,107200.0,102700.0,103300.0,1177799.0
2025-01-16,000270,104500.0,104800.0,103000.0,103400.0,654359.0
2025-01-17,000270,102400.0,103000.0,100400.0,101500.0,919480.0
2025-01-20,000270,101500.0,102000.0,100800.0,101000.0,411505.0
2025-01-21,000270,102100.0,105300.0,100700.0,101000.0,1033495.0
2025-01-22,000270,101900.0,103400.0,100700.0,103000.0,856499.0
2025-01-23,000270,102500.0,104000.0,101100.0,102700.0,730474.0
2025-01-24,000270,104400.0,104400.0,101000.0,101700.0,1296839.0
2025-01-31,000270,100800.0,102800.0,100200.0,102000.0,909716.0
2025-02-03,000270,100200.0,100700.0,95000.0,96100.0,2040413.0
2025-02-04,000270,99100.0,99200.0,96300.0,96700.0,1255891.0
2025-02-05,000270,97400.0,99300.0,97000.0,98100.0,923434.0
2025-02-06,000270,98300.0,98800.0,97200.0,98800.0,563800.0
2025-02-07,000270,97600.0,98900.0,96300.0,96500.0,991140.0
2025-02-10,000270,94000.0,95100.0,93000.0,94600.0,1722666.0
2025-02-11,000270,93200.0,95100.0,93200.0,93800.0,1172529.0
2025-02-12,000270,93300.0,94100.0,91400.0,91700.0,1688145.0
2025-02-13,000270,93800.0,95600.0,93300.0,94300.0,2326740.0
2025-02-14,000270,94400.0,95900.0,93700.0,95000.0,1349332.0
2025-02-17,000270,94300.0,94900.0,93100.0,94300.0,1049521.0
2025-02-18,000270,94300.0,95300.0,93700.0,93900.0,883917.0
2025-02-19,000270,92800.0,95800.0,92800.0,95000.0,1053531.0
2025-02-20,000270,94100.0,94800.0,93500.0,94500.0,1078110.0
2025-02-21,000270,95800.0,96700.0,94300.0,94600.0,960186.0
2025-02-24,000270,93700.0,94900.0,93600.0,94900.0,659841.0
2025-02-25,000270,94000.0,94300.0,93200.0,93200.0,1001392.0
2025-02-26,000270,93200.0,94200.0,93100.0,94100.0,789301.0
2025-02-27,000270,93700.0,94700.0,93600.0,94600.0,841391.0
2025-02-28,000270,93500.0,94400.0,93000.0,93200.0,1640049.0
2025-03-04,000270,93100.0,96300.0,91900.0,93300.0,1312252.0
2025-03-05,000270,94600.0,96600.0,94400.0,95900.0,1593290.0
2025-03-06,000270,99000.0,99300.0,97300.0,98000.0,1778981.0
2025-03-07,000270,96700.0,97800.0,96100.0,96800.0,1138412.0
2025-03-10,000270,95900.0,98400.0,95900.0,98000.0,1190280.0
2025-03-11,000270,96100.0,98500.0,96100.0,98400.0,1137146.0
2025-03-12,000270,98400.0,99400.0,97600.0,99100.0,1144714.0
2025-03-13,000270,98600.0,101300.0,98300.0,100400.0,2279252.0
2025-03-14,000270,100000.0,100600.0,99400.0,99500.0,1408638.0
2025-03-17,000270,99700.0,100100.0,98200.0,98800.0,1892886.0
2025-03-18,000270,93300.0,96400.0,93300.0,96400.0,2228720.0
2025-03-19,000270,96500.0,97200.0,95500.0,97100.0,1094424.0
2025-03-20,000270,96700.0,97000.0,95500.0,96000.0,1056834.0
2025-03-21,000270,95500.0,97400.0,95500.0,95700.0,2448199.0
2025-03-24,000270,95900.0,99500.0,95800.0,98700.0,1564435.0
2025-03-25,000270,102900.0,102900.0,100100.0,100800.0,1515074.0
2025-03-26,000270,102000.0,103000.0,101200.0,101400.0,1181983.0
2025-03-27,000270,99000.0,100000.0,97400.0,97900.0,1400285.0
2025-03-28,000270,95200.0,96500.0,94600.0,95300.0,1293885.0
2025-03-31,000270,93300.0,94100.0,91500.0,92300.0,1230700.0
2025-04-01,000270,92800.0,93700.0,92000.0,93200.0,656473.0
2025-04-02,000270,92400.0,93600.0,91800.0,92100.0,931914.0
2025-04-03,000270,89200.0,91400.0,88400.0,90800.0,1054819.0
2025-04-04,000270,89500.0,91800.0,88700.0,89700.0,947048.0
2025-04-07,000270,86100.0,87100.0,84100.0,84600.0,1066394.0
2025-04-08,000270,85500.0,86600.0,84200.0,84300.0,952615.0
2025-04-09,000270,83900.0,84200.0,82800.0,83800.0,1002947.0
2025-04-10,000270,89700.0,89800.0,87000.0,88200.0,1374506.0
2025-04-11,000270,86100.0,86200.0,81300.0,82000.0,2232779.0
2025-04-14,000270,82300.0,83800.0,81800.0,83000.0,797192.0
2025-04-15,000270,85700.0,86800.0,85000.0,85800.0,1128439.0
2025-04-16,000270,85400.0,86300.0,84600.0,84700.0,583287.0
2025-04-17,000270,84900.0,85550.0,84500.0,85000.0,430473.0
2025-04-18,000270,85300.0,87600.0,84600.0,87300.0,569432.0
2025-04-21,000270,87700.0,88500.0,87000.0,88000.0,416037.0
2025-04-22,000270,87600.0,88000.0,86600.0,86800.0,558552.0
2025-04-23,000270,88100.0,90700.0,87500.0,90000.0,1212681.0
2025-04-24,000270,90400.0,90800.0,88600.0,88800.0,908535.0
2025-04-25,000270,89500.0,89700.0,87500.0,88200.0,1356631.0
2025-04-28,000270,88500.0,89200.0,87700.0,88700.0,572742.0
2025-04-29,000270,90600.0,90900.0,89500.0,90600.0,808315.0
2025-04-30,000270,91000.0,91400.0,89600.0,90400.0,1023836.0
2025-05-02,000270,91000.0,91000.0,88600.0,89400.0,768903.0
2025-05-07,000270,90200.0,90400.0,87500.0,88100.0,1093539.0
2025-05-08,000270,88100.0,88700.0,87800.0,87800.0,1161546.0
2025-05-09,000270,89400.0,90700.0,89200.0,89300.0,967229.0
2025-05-12,000270,90200.0,92400.0,89800.0,92400.0,813230.0
2025-05-13,000270,94000.0,94800.0,92700.0,93700.0,1369914.0
2025-05-14,000270,93600.0,94000.0,91800.0,92400.0,878937.0
2025-05-15,000270,91900.0,92500.0,90900.0,91200.0,761239.0
2025-05-16,000270,91300.0,92300.0,91300.0,92000.0,500754.0
2025-05-19,000270,91300.0,91900.0,90800.0,91500.0,555859.0
2025-05-20,000270,92300.0,92800.0,90900.0,91200.0,710012.0
2025-05-21,000270,92700.0,92700.0,90900.0,91200.0,748573.0
2025-05-22,000270,90500.0,91100.0,88400.0,89200.0,1103198.0
2025-05-23,000270,89200.0,89500.0,86900.0,87100.0,879529.0
2025-05-26,000270,87000.0,88400.0,86200.0,88100.0,760388.0
2025-05-27,000270,87300.0,88500.0,87100.0,88200.0,607447.0
2025-05-28,000270,88500.0,90000.0,88500.0,89000.0,842967.0
2025-05-29,000270,90700.0,93700.0,90000.0,93200.0,1583303.0
2025-05-30,000270,91000.0,91200.0,89400.0,89400.0,1535385.0
2025-06-02,000270,88400.0,89600.0,88100.0,88400.0,663587.0
2025-06-04,000270,89200.0,90400.0,88600.0,89600.0,862750.0
2025-06-05,000270,89100.0,93500.0,89100.0,93100.0,1416289.0
2025-06-09,000270,94400.0,96200.0,93800.0,95300.0,1449046.0
2025-06-10,000270,96200.0,96400.0,94100.0,94500.0,1077370.0
2025-06-11,000270,95100.0,96900.0,95100.0,96900.0,992153.0
2025-06-12,000270,96900.0,99000.0,96800.0,98400.0,1768683.0
2025-06-13,000270,98000.0,98100.0,95600.0,97200.0,1506724.0
2025-06-16,000270,96500.0,97900.0,95100.0,97500.0,809768.0
2025-06-17,000270,98000.0,99800.0,97800.0,99600.0,1332802.0
2025-06-18,000270,98500.0,99400.0,97200.0,98900.0,1018716.0
2025-06-19,000270,99400.0,99800.0,97500.0,98200.0,691399.0
2025-06-20,000270,98000.0,98900.0,97200.0,98700.0,998377.0
2025-06-23,000270,97000.0,97000.0,94400.0,95900.0,867116.0
2025-06-24,000270,95700.0,98500.0,95700.0,96900.0,911752.0
2025-06-25,000270,97500.0,104500.0,97000.0,101100.0,2778238.0
2025-06-26,000270,100700.0,102500.0,98700.0,99100.0,1157512.0
2025-06-27,000270,99700.0,99700.0,97400.0,97700.0,574885.0
2025-06-30,000270,96900.0,98200.0,96600.0,96900.0,693015.0
2025-07-01,000270,97000.0,100500.0,97000.0,98700.0,1019849.0
2025-07-02,000270,100200.0,100700.0,98750.0,100000.0,1023366.0
2025-07-03,000270,100400.0,101500.0,99300.0,100100.0,774595.0
2025-07-04,000270,100500.0,101500.0,99100.0,99100.0,470300.0
2025-07-07,000270,98900.0,100000.0,98300.0,98600.0,430089.0
2025-07-08,000270,98600.0,99800.0,97500.0,99100.0,643120.0
2025-07-09,000270,98300.0,99800.0,97400.0,99600.0,1037777.0
2025-07-10,000270,99900.0,101200.0,99300.0,100100.0,1142761.0
2025-07-11,000270,100100.0,102100.0,99800.0,100800.0,1087429.0
2025-07-14,000270,100200.0,103300.0,99600.0,103000.0,1173952.0
2025-07-15,000270,102100.0,102300.0,99800.0,100000.0,1241921.0
2025-07-16,000270,99700.0,100500.0,99100.0,99500.0,668896.0
2025-07-17,000270,100000.0,100700.0,98500.0,100200.0,687922.0
2025-07-18,000270,100500.0,101400.0,99400.0,99800.0,586973.0
2025-07-21,000270,99700.0,100200.0,99100.0,99300.0,422784.0
2025-07-22,000270,99200.0,99700.0,97600.0,97800.0,646392.0
2025-07-23,000270,100800.0,106100.0,100500.0,106100.0,3318750.0
2025-07-24,000270,107200.0,109000.0,104000.0,105000.0,2027261.0
2025-07-25,000270,105000.0,107000.0,102400.0,104100.0,1395349.0
2025-07-28,000270,106300.0,107500.0,104500.0,105500.0,1045072.0
2025-07-29,000270,104300.0,106400.0,103500.0,105700.0,1196086.0
2025-07-30,000270,105000.0,112400.0,105000.0,110400.0,1917384.0
2025-07-31,000270,112700.0,113200.0,102300.0,102300.0,3132736.0
2025-08-01,000270,101300.0,104100.0,100800.0,100800.0,1374554.0
2025-08-04,000270,100700.0,103700.0,100500.0,102800.0,775610.0
2025-08-05,000270,103000.0,104200.0,101300.0,101400.0,891875.0
2025-08-06,000270,101300.0,102700.0,101200.0,101800.0,780400.0
2025-08-07,000270,103000.0,103300.0,101500.0,101800.0,649320.0
2025-08-08,000270,102300.0,102400.0,101400.0,101900.0,664464.0
2025-08-11,000270,101600.0,102750.0,101300.0,101600.0,536398.0
2025-08-12,000270,101100.0,103700.0,101000.0,101800.0,655429.0
2025-08-13,000270,102800.0,103300.0,102100.0,103200.0,534661.0
2025-08-14,000270,103600.0,104700.0,103100.0,103700.0,574716.0
2025-08-18,000270,102100.0,103400.0,102100.0,102200.0,539476.0
2025-08-19,000270,102500.0,104000.0,101900.0,104000.0,627551.0
2025-08-20,000270,104200.0,105500.0,103300.0,105100.0,713124.0
2025-08-21,000270,105700.0,105800.0,103900.0,103900.0,433907.0
2025-08-22,000270,104200.0,105500.0,104200.0,104800.0,553097.0
2025-08-25,000270,105000.0,105300.0,103200.0,104700.0,440278.0
2025-08-26,000270,104300.0,104600.0,103000.0,103000.0,606440.0
2025-08-27,000270,103100.0,104000.0,102900.0,103500.0,383772.0
2025-08-28,000270,104500.0,107200.0,103300.0,105700.0,974330.0
2025-08-29,000270,105900.0,107800.0,105500.0,105800.0,704357.0
2025-09-01,000270,106800.0,107900.0,106000.0,106500.0,496884.0
2025-09-02,000270,106200.0,107200.0,105750.0,107200.0,400273.0
2025-09-03,000270,106100.0,107800.0,106100.0,107000.0,544535.0
2025-09-04,000270,106000.0,107200.0,105800.0,107000.0,563510.0
2025-09-05,000270,106200.0,107000.0,106100.0,106600.0,442357.0
2025-09-08,000270,106100.0,106100.0,104100.0,104900.0,713309.0
2025-09-09,000270,105500.0,105900.0,104700.0,105500.0,599237.0
2025-09-10,000270,104900.0,107000.0,104900.0,106000.0,704159.0
2025-09-11,000270,105900.0,106800.0,105400.0,106600.0,1118881.0
2025-09-12,000270,106100.0,106600.0,105400.0,105900.0,906762.0
2025-09-15,000270,104800.0,105100.0,101300.0,101700.0,2334779.0
2025-09-16,000270,101700.0,101900.0,100500.0,101400.0,1317017.0
2025-09-17,000270,101200.0,101500.0,100500.0,101000.0,1005177.0
2025-09-18,000270,101500.0,102200.0,101100.0,102100.0,1143276.0
2025-09-19,000270,102300.0,102500.0,100500.0,101600.0,1545375.0
2025-09-22,000270,101500.0,102500.0,101200.0,101900.0,737975.0
2025-09-23,000270,101300.0,102900.0,101300.0,102800.0,597793.0
2025-09-24,000270,102900.0,103600.0,102500.0,103000.0,680285.0
2025-09-25,000270,103000.0,103000.0,101400.0,102000.0,775758.0
2025-09-26,000270,101200.0,101300.0,100200.0,100200.0,700206.0
2025-09-29,000270,100600.0,101200.0,100000.0,100700.0,639908.0
2025-09-30,000270,100200.0,101800.0,100200.0,100700.0,885167.0
2025-10-01,000270,100500.0,101500.0,100200.0,100600.0,580310.0
2025-10-02,000270,100700.0,105000.0,100700.0,104200.0,1580346.0
2025-10-10,000270,101100.0,102500.0,100600.0,100600.0,1354370.0
2025-10-13,000270,100900.0,101700.0,100100.0,101100.0,564201.0
2025-10-14,000270,100600.0,103900.0,100500.0,102500.0,971824.0
2025-10-15,000270,102100.0,103800.0,101800.0,103800.0,598957.0
2025-10-16,000270,109300.0,112100.0,108200.0,111300.0,2290270.0
2025-10-17,000270,110800.0,113400.0,110100.0,112100.0,1054766.0
2025-10-20,000270,117000.0,118000.0,111200.0,114500.0,1188885.0
2025-10-21,000270,115200.0,119800.0,115200.0,115800.0,1725109.0
2025-10-22,000270,118400.0,118600.0,115300.0,118100.0,1259947.0
2025-10-23,000270,116300.0,117500.0,114700.0,115000.0,1129493.0
2025-10-24,000270,115900.0,116200.0,113700.0,114900.0,738758.0
2025-10-27,000270,115400.0,117500.0,114800.0,114800.0,916818.0
2025-10-28,000270,114100.0,114200.0,112800.0,113600.0,872146.0
2025-10-29,000270,115300.0,116600.0,113100.0,115800.0,1165316.0
2025-10-30,000270,126100.0,126200.0,116100.0,116200.0,2737130.0
2025-10-31,000270,117000.0,122600.0,116000.0,119900.0,3039559.0
2025-11-03,000270,120700.0,121100.0,117500.0,117700.0,1371107.0
2025-11-04,000270,116600.0,119000.0,113500.0,114400.0,1179087.0
2025-11-05,000270,114400.0,114600.0,109400.0,111000.0,1290707.0
2025-11-06,000270,112500.0,113200.0,110250.0,112000.0,865031.0
2025-11-07,000270,110200.0,111600.0,108900.0,110100.0,536664.0
2025-11-10,000270,111500.0,114800.0,111400.0,113700.0,699593.0
2025-11-11,000270,114100.0,116000.0,113800.0,116000.0,959520.0
2025-11-12,000270,115700.0,119900.0,115300.0,118600.0,1238570.0
2025-11-13,000270,117200.0,118700.0,116700.0,118000.0,783292.0
2025-11-14,000270,116500.0,119500.0,115800.0,117000.0,667473.0
2025-11-17,000270,118100.0,118900.0,116800.0,117400.0,619912.0
2025-11-18,000270,116300.0,117300.0,114500.0,114500.0,514941.0
2025-11-19,000270,115700.0,116400.0,114100.0,114500.0,615044.0
2025-11-20,000270,115400.0,116200.0,113400.0,113400.0,651240.0
2025-11-21,000270,111900.0,114700.0,111500.0,114000.0,680023.0
2025-11-24,000270,114900.0,115000.0,111100.0,111100.0,1566600.0
2025-11-25,000270,112200.0,113200.0,111000.0,111200.0,632037.0
2025-11-26,000270,113200.0,113200.0,111600.0,113200.0,527546.0
2025-11-27,000270,113000.0,114000.0,112800.0,114000.0,477958.0
2025-11-28,000270,114000.0,115300.0,112900.0,114100.0,609629.0
2025-12-01,000270,113900.0,114400.0,111000.0,112300.0,690993.0
2025-12-02,000270,113200.0,117000.0,112900.0,117000.0,984373.0
2025-12-03,000270,117300.0,119200.0,116500.0,118600.0,1066553.0
2025-12-04,000270,119300.0,120900.0,117700.0,120300.0,1315070.0
2025-12-05,000270,118700.0,123800.0,118200.0,123600.0,2075345.0
2025-12-08,000270,125300.0,127250.0,123400.0,125600.0,1464750.0
2025-12-09,000270,124600.0,126100.0,123300.0,123800.0,966759.0
2025-12-10,000270,123800.0,124300.0,122000.0,123400.0,700984.0
2025-12-11,000270,124600.0,126400.0,122500.0,122900.0,1030322.0
2025-12-12,000270,123400.0,125800.0,123100.0,125800.0,684563.0
2025-12-15,000270,124900.0,125300.0,123600.0,124000.0,654771.0
2025-12-16,000270,124300.0,125400.0,120200.0,120800.0,971830.0
2025-12-17,000270,121900.0,121900.0,120200.0,121500.0,811670.0
2025-12-18,000270,119800.0,121200.0,119100.0,120400.0,658756.0
2025-12-19,000270,121200.0,121900.0,118200.0,121000.0,1103568.0
2025-12-22,000270,121700.0,121800.0,119500.0,121100.0,532952.0
2025-12-23,000270,121400.0,121900.0,119800.0,120200.0,398278.0
2025-12-24,000270,120300.0,122500.0,120000.0,121000.0,423315.0
2025-12-26,000270,121300.0,121700.0,119100.0,119800.0,425261.0
2025-12-29,000270,118600.0,121200.0,118300.0,121100.0,425379.0
2025-12-30,000270,119800.0,121800.0,119500.0,121800.0,435122.0
2026-01-02,000270,121100.0,122200.0,119500.0,120600.0,645645.0
2026-01-05,000270,121000.0,123200.0,120700.0,122600.0,858385.0
2026-01-06,000270,124500.0,125800.0,121700.0,122500.0,1302137.0
2026-01-07,000270,121400.0,130500.0,121300.0,129300.0,3038127.0
2026-01-08,000270,131000.0,131100.0,123600.0,124900.0,1693240.0
2026-01-09,000270,126400.0,133600.0,125300.0,133200.0,1738639.0
2026-01-12,000270,136000.0,137500.0,127900.0,129300.0,1768796.0
2026-01-13,000270,130700.0,136200.0,129500.0,136000.0,2944545.0
2026-01-14,000270,139600.0,146300.0,137200.0,143000.0,2992169.0
2026-01-15,000270,142800.0,152500.0,141400.0,152500.0,3375671.0
2026-01-16,000270,158000.0,159500.0,149700.0,151100.0,2624747.0
2026-01-19,000270,151800.0,170700.0,151300.0,169500.0,4040319.0
2026-01-20,000270,174000.0,177000.0,161800.0,163900.0,3225052.0
2026-01-21,000270,160100.0,174800.0,160000.0,172100.0,4144416.0
2026-01-22,000270,172900.0,175700.0,163600.0,164600.0,3390188.0
2026-01-23,000270,162200.0,165550.0,157300.0,159000.0,2594922.0
2026-01-26,000270,156800.0,158600.0,154100.0,155200.0,1425292.0
2026-01-27,000270,149300.0,153800.0,145900.0,153500.0,1856834.0
2026-01-28,000270,155100.0,156000.0,149100.0,149700.0,1756119.0
2026-01-29,000270,154000.0,156500.0,149700.0,154900.0,2518535.0
2026-01-30,000270,153400.0,156000.0,151300.0,152600.0,1571584.0
2026-02-02,000270,151600.0,156800.0,148200.0,150100.0,1396470.0
2026-02-03,000270,150100.0,154000.0,148800.0,154000.0,1341474.0
2026-02-04,000270,155100.0,158000.0,154000.0,156800.0,1387022.0
2026-02-05,000270,156700.0,161250.0,154800.0,156200.0,1589252.0
2026-02-06,000270,154600.0,154900.0,149000.0,151900.0,1269545.0
2026-02-09,000270,153700.0,155000.0,152200.0,153800.0,1370996.0
2026-02-10,000270,155800.0,158600.0,154600.0,154700.0,1011933.0
2026-02-11,000270,156400.0,162000.0,154700.0,161800.0,1622428.0
2026-02-12,000270,163200.0,166300.0,160700.0,166300.0,1804086.0
2026-02-13,000270,164900.0,166000.0,163200.0,164100.0,972962.0
2026-02-19,000270,169000.0,171500.0,164000.0,170000.0,1357727.0
2026-02-20,000270,170100.0,172700.0,168700.0,171800.0,1074310.0
2026-02-23,000270,174900.0,176800.0,171500.0,172700.0,1158150.0
2026-02-24,000270,171200.0,174500.0,169300.0,174000.0,1213901.0
2026-02-25,000270,175700.0,199900.0,175500.0,196100.0,3876333.0
2026-02-26,000270,197400.0,208000.0,194100.0,206000.0,1991104.0
2026-02-27,000270,199600.0,212500.0,197100.0,205500.0,2945241.0
2026-03-03,000270,185000.0,195700.0,180000.0,182300.0,3431157.0
2026-03-04,000270,167600.0,176900.0,155000.0,156700.0,2941762.0
2026-03-05,000270,171600.0,172600.0,163400.0,166400.0,2697408.0
2026-03-06,000270,161100.0,169600.0,161000.0,167000.0,1667956.0
2026-03-09,000270,152100.0,155000.0,150100.0,153400.0,1846031.0
2026-03-10,000270,160200.0,163000.0,157000.0,161000.0,1765368.0
2026-03-11,000270,169000.0,170400.0,160500.0,162000.0,1171357.0
2026-03-12,000270,161500.0,167000.0,161300.0,167000.0,1348612.0
2026-03-13,000270,161400.0,166200.0,158700.0,164300.0,1614149.0
2026-03-16,000270,162800.0,165200.0,161800.0,162000.0,1055451.0
2026-03-17,000270,167000.0,170900.0,167000.0,167300.0,1068349.0
2026-03-18,000270,171100.0,176300.0,170600.0,175100.0,1186749.0
2026-03-19,000270,171000.0,173900.0,170200.0,170500.0,904634.0
2026-03-20,000270,172100.0,172500.0,168500.0,168500.0,2000787.0
2026-03-23,000270,162100.0,163900.0,159200.0,161700.0,1347768.0
2026-03-24,000270,164000.0,164200.0,154500.0,157900.0,1544213.0
2026-03-25,000270,160600.0,163300.0,157900.0,157900.0,1032979.0
2026-03-26,000270,156500.0,158000.0,154300.0,154700.0,836063.0
2026-03-27,000270,150800.0,156300.0,149400.0,155800.0,832198.0
2026-03-30,000270,147400.0,151900.0,145400.0,151500.0,976319.0
2026-03-31,000270,145100.0,151800.0,143800.0,145200.0,1442003.0
2026-04-01,000270,152900.0,157000.0,150100.0,155300.0,1056596.0
2026-04-02,000270,157900.0,160300.0,148600.0,150600.0,1122509.0
2026-04-03,000270,153000.0,156100.0,149700.0,150200.0,508389.0
2026-04-06,000270,151000.0,154100.0,150200.0,151600.0,613147.0
2026-04-07,000270,152200.0,153400.0,149100.0,150800.0,719002.0
2026-04-08,000270,158200.0,160000.0,155300.0,159200.0,1136144.0
2026-04-09,000270,159300.0,163200.0,149100.0,150500.0,1896387.0
2026-04-10,000270,154000.0,154700.0,149000.0,149000.0,1787395.0
2026-04-13,000270,147400.0,148700.0,145700.0,147400.0,976438.0
2026-04-14,000270,149800.0,151700.0,149100.0,149200.0,924805.0
2026-04-15,000270,152000.0,154600.0,150800.0,151500.0,1100822.0
2026-04-16,000270,154600.0,158900.0,154600.0,157900.0,1405390.0
2026-04-17,000270,159800.0,159900.0,156800.0,159200.0,866411.0
2026-04-20,000270,158500.0,160300.0,156600.0,157400.0,602294.0
2026-04-21,000270,158200.0,160500.0,157700.0,160000.0,758081.0
2026-04-22,000270,160000.0,160100.0,157700.0,160000.0,770589.0
2026-04-23,000270,164700.0,164800.0,157000.0,158400.0,1112754.0
2026-04-24,000270,157700.0,157700.0,153400.0,153400.0,1088654.0
2026-04-27,000270,153800.0,154700.0,152100.0,152600.0,1418466.0
2026-04-28,000270,152900.0,159200.0,152300.0,155600.0,1572801.0
2026-04-29,000270,157300.0,157400.0,154000.0,156900.0,726697.0
2026-04-30,000270,155400.0,157400.0,151700.0,151800.0,1187225.0
2026-05-04,000270,156300.0,156500.0,153600.0,154000.0,779973.0
2026-05-06,000270,154300.0,158800.0,154000.0,154600.0,1124784.0
2026-05-07,000270,159000.0,161900.0,156300.0,157600.0,1567931.0
2026-05-08,000270,159800.0,170300.0,156400.0,164500.0,3759583.0
2026-05-11,000270,170400.0,178800.0,166500.0,174700.0,2981237.0
2026-05-12,000270,175700.0,180400.0,162500.0,168300.0,2971261.0
2026-05-13,000270,166500.0,179500.0,163800.0,179500.0,2667366.0
2026-05-14,000270,182100.0,183000.0,173600.0,178100.0,2320304.0
2026-05-15,000270,178200.0,184200.0,164900.0,168000.0,2839184.0
2026-05-18,000270,168800.0,170700.0,158600.0,162500.0,1367438.0
2026-05-19,000270,161700.0,162600.0,152100.0,154900.0,1578129.0
2026-05-20,000270,153600.0,154900.0,147700.0,149400.0,1918825.0
2026-05-21,000270,154500.0,169300.0,153700.0,167900.0,1633956.0
2026-05-22,000270,169500.0,169800.0,162400.0,164800.0,900343.0
2026-05-26,000270,168400.0,170500.0,165500.0,167000.0,887765.0
2026-05-27,000270,167300.0,169000.0,162500.0,164700.0,1295315.0
2026-05-28,000270,164700.0,164700.0,164700.0,164700.0,0.0
